Cell line,Species,Tumor classification,(Potentially) misidentified,Original classification,Unavailable,Doubling Time (Hours),Inoculation Density,Cellosaurus identifier
786-O,Homo sapiens,Renal,,,,22.4,10000,786-O (RRID:CVCL_1051)
A498,Homo sapiens,Renal,,,,66.8,25000,A-498 (RRID:CVCL_1056)
A549,Homo sapiens,Non-Small Cell Lung,,,,22.9,7500,A-549 (RRID:CVCL_0023)
ACHN,Homo sapiens,Renal,,,,27.5,10000,ACHN (RRID:CVCL_1067)
BT-549,Homo sapiens,Breast,,,,53.9,20000,BT-549 (RRID:CVCL_1092)
CAKI-1,Homo sapiens,Renal,,,,39,10000,Caki-1 (RRID:CVCL_0234)
CCRF-CEM,Homo sapiens,Leukemia,,,,26.7,40000,CCRF-CEM (RRID:CVCL_0207)
COLO 205,Homo sapiens,Colon,,,,23.8,15000,COLO 205 (RRID:CVCL_0218)
DU-145,Homo sapiens,Prostate,,,,32.3,10000,DU145 (RRID:CVCL_0105)
EKVX,Homo sapiens,Non-Small Cell Lung,,,,43.6,20000,EKVX (RRID:CVCL_1195)
HCC-2998,Homo sapiens,Colon,,,,31.5,15000,HCC2998 (RRID:CVCL_1266)
HCT-15,Homo sapiens,Colon,,,,20.6,10000,HCT 15 (RRID:CVCL_0292)
HCT116,Homo sapiens,Colon,,,,17.4,5000,HCT 116 (RRID:CVCL_0291)
HL-60(TB),Homo sapiens,Leukemia,,,,28.6,40000,HL-60(TB) (RRID:CVCL_A794)
HOP-62,Homo sapiens,Non-Small Cell Lung,,,,39,10000,HOP-62 (RRID:CVCL_1285)
HOP-92,Homo sapiens,Non-Small Cell Lung,,,,79.5,20000,HOP-92 (RRID:CVCL_1286)
HS 578T,Homo sapiens,Breast,,,,53.8,20000,Hs 578T (RRID:CVCL_0332)
HT-29,Homo sapiens,Colon,,,,19.5,5000,HT-29 (RRID:CVCL_0320)
IGROV-1,Homo sapiens,Ovarian,,,,31,10000,IGROV-1 (RRID:CVCL_1304)
K-562,Homo sapiens,Leukemia,,,,19.6,5000,K-562 (RRID:CVCL_0004)
KM12,Homo sapiens,Colon,,,,23.7,15000,KM12 (RRID:CVCL_1331)
LOX IMVI,Homo sapiens,Melanoma,,,,20.5,7500,LOX-IMVI (RRID:CVCL_1381)
M14,Homo sapiens,Melanoma,,,,26.3,15000,M14 (RRID:CVCL_1395)
MALME-3M,Homo sapiens,Melanoma,,,,46.2,20000,Malme-3M (RRID:CVCL_1438)
MCF7,Homo sapiens,Breast,,,,25.4,10000,MCF-7 (RRID:CVCL_0031)
MDA-MB-231,Homo sapiens,Breast,,,,41.9,20000,MDA-MB-231 (RRID:CVCL_0062)
MDA-MB-435,Homo sapiens,Melanoma,yes,Breast,,25.8,15000,MDA-MB-435 (RRID:CVCL_0417)
MDA-MB-468,Homo sapiens,Breast,,,,62,2000,MDA-MB-468 (RRID:CVCL_0419)
MDA-N,Homo sapiens,Melanoma,yes,Breast,unavailable,22.5,15000,MDA-N (RRID:CVCL_1910)
MOLT-4,Homo sapiens,Leukemia,,,,27.9,30000,MOLT-4 (RRID:CVCL_0013)
NCI-H23,Homo sapiens,Non-Small Cell Lung,,,,33.4,20000,NCI-H23 (RRID:CVCL_1547)
NCI-H226,Homo sapiens,Non-Small Cell Lung,,,,61,20000,NCI-H226 (RRID:CVCL_1544)
NCI-H322M,Homo sapiens,Non-Small Cell Lung,,,,35.3,20000,NCI-H322M (RRID:CVCL_1557)
NCI-H460,Homo sapiens,Non-Small Cell Lung,,,,17.8,7500,NCI-H460 (RRID:CVCL_0459)
NCI-H522,Homo sapiens,Non-Small Cell Lung,,,,38.2,20000,NCI-H522 (RRID:CVCL_1567)
NCI/ADR-RES (originally MCF-7/ADR-RES),Homo sapiens,Ovarian,yes,Breast,,34,15000,NCI-ADR-RES (RRID:CVCL_1452)
OVCAR-3,Homo sapiens,Ovarian,,,,34.7,10000,OVCAR-3 (RRID:CVCL_0465)
OVCAR-4,Homo sapiens,Ovarian,,,,41.4,15000,OVCAR-4 (RRID:CVCL_1627)
OVCAR-5,Homo sapiens,Ovarian,,,,48.8,20000,OVCAR-5 (RRID:CVCL_1628)
OVCAR-8,Homo sapiens,Ovarian,,,,26.1,10000,OVCAR-8 (RRID:CVCL_1629)
PC-3,Homo sapiens,Prostate,,,,27.1,7500,PC-3 (RRID:CVCL_0035)
RPMI-8226,Homo sapiens,Leukemia,,,,33.5,20000,RPMI-8226 (RRID:CVCL_0014)
RXF 393,Homo sapiens,Renal,,,,62.9,15000,RXF 393L (RRID:CVCL_1673)
SF-268,Homo sapiens,CNS,,,,33.1,15000,SF268 (RRID:CVCL_1689)
SF-295,Homo sapiens,CNS,,,,29.5,10000,SF295 (RRID:CVCL_1690)
SF-539,Homo sapiens,CNS,,,,35.4,15000,SF539 (RRID:CVCL_1691)
SK-MEL-2,Homo sapiens,Melanoma,,,,45.5,20000,SK-MEL-2 (RRID:CVCL_0069)
SK-MEL-5,Homo sapiens,Melanoma,,,,25.2,10000,SK-MEL-5 (RRID:CVCL_0527)
SK-MEL-28,Homo sapiens,Melanoma,,,,35.1,10000,SK-MEL-28 (RRID:CVCL_0526)
SK-OV-3,Homo sapiens,Ovarian,,,,48.7,20000,SK-OV-3 (RRID:CVCL_0532)
SN12C,Homo sapiens,Renal,,,,29.5,15000,SN12C (RRID:CVCL_1705)
SNB-19,Homo sapiens,CNS,yes,CNS,,34.6,15000,SNB-19 (RRID:CVCL_0535)
SNB-75,Homo sapiens,CNS,,,,62.8,20000,SNB-75 (RRID:CVCL_1706)
SR-786,Homo sapiens,Leukemia,,,,28.7,20000,SR (RRID:CVCL_1711)
SW-620,Homo sapiens,Colon,,,,20.4,10000,SW620 (RRID:CVCL_0547)
T-47D,Homo sapiens,Breast,,,,45.5,20000,T-47D (RRID:CVCL_0553)
TK-10,Homo sapiens,Renal,,,,51.3,15000,TK-10 (RRID:CVCL_1773)
U251,Homo sapiens,CNS,yes,CNS,,23.8,7500,U-251MG (RRID:CVCL_0021)
UACC-62,Homo sapiens,Melanoma,,,,31.3,10000,UACC-62 (RRID:CVCL_1780)
UACC-257,Homo sapiens,Melanoma,,,,38.5,20000,UACC-257 (RRID:CVCL_1779)
UO-31,Homo sapiens,Renal,,,,41.7,15000,UO-31 (RRID:CVCL_1911)
